CREATE TABLE cars (
id INT PRIMARY KEY,
make VARCHAR(255),
model VARCHAR(255),
year INT,
price DECIMAL(10,2),
quantity INT
);

CREATE TABLE customers (
id INT PRIMARY KEY,
first_name VARCHAR(255),
last_name VARCHAR(255),
address VARCHAR(255),
phone VARCHAR(255)
);

CREATE TABLE sales (
id INT PRIMARY KEY,
customer_id INT,
car_id INT,
price DECIMAL(10,2),
FOREIGN KEY (customer_id) REFERENCES customers(id),
FOREIGN KEY (car_id) REFERENCES cars(id)
);

insert into cars (id, make, model, year, price, quantity) values (1, 'Dodge', 'Avenger', 1995, 93533.4, 13);
insert into cars (id, make, model, year, price, quantity) values (2, 'Chrysler', 'Concorde', 1997, 49170.5, 34);
insert into cars (id, make, model, year, price, quantity) values (3, 'Chrysler', 'Fifth Ave', 1993, 42519.71, 75);
insert into cars (id, make, model, year, price, quantity) values (4, 'Jeep', 'Cherokee', 1997, 63176.95, 36);
insert into cars (id, make, model, year, price, quantity) values (5, 'Dodge', 'Ram Van 3500', 1996, 65260.76, 6);
insert into cars (id, make, model, year, price, quantity) values (6, 'Jaguar', 'XK', 2011, 78065.9, 40);
insert into cars (id, make, model, year, price, quantity) values (7, 'Chevrolet', 'Camaro', 2001, 66228.97, 84);
insert into cars (id, make, model, year, price, quantity) values (8, 'Jeep', 'Liberty', 2008, 85200.3, 30);
insert into cars (id, make, model, year, price, quantity) values (9, 'Honda', 'Fit', 2007, 69670.27, 58);
insert into cars (id, make, model, year, price, quantity) values (10, 'Suzuki', 'Swift', 1988, 56076.65, 71);
insert into cars (id, make, model, year, price, quantity) values (11, 'GMC', 'Sierra 2500', 2004, 75067.12, 50);
insert into cars (id, make, model, year, price, quantity) values (12, 'Mercury', 'Cougar', 1989, 72605.41, 98);
insert into cars (id, make, model, year, price, quantity) values (13, 'Chevrolet', 'Suburban 2500', 2002, 80243.26, 3);
insert into cars (id, make, model, year, price, quantity) values (14, 'Volkswagen', 'CC', 2013, 33604.92, 5);
insert into cars (id, make, model, year, price, quantity) values (15, 'Infiniti', 'G25', 2011, 85642.42, 35);
insert into cars (id, make, model, year, price, quantity) values (16, 'Hyundai', 'Tiburon', 1999, 41597.01, 45);
insert into cars (id, make, model, year, price, quantity) values (17, 'Maserati', 'Quattroporte', 2009, 66760.54, 14);
insert into cars (id, make, model, year, price, quantity) values (18, 'Ford', 'GT500', 2007, 84520.96, 72);
insert into cars (id, make, model, year, price, quantity) values (19, 'Audi', 'Cabriolet', 1998, 77757.14, 39);
insert into cars (id, make, model, year, price, quantity) values (20, 'Cadillac', 'XLR-V', 2007, 90635.8, 28);
insert into cars (id, make, model, year, price, quantity) values (21, 'Hyundai', 'Accent', 1998, 71159.48, 76);
insert into cars (id, make, model, year, price, quantity) values (22, 'Acura', 'RSX', 2002, 52395.82, 40);
insert into cars (id, make, model, year, price, quantity) values (23, 'Toyota', 'Sequoia', 2008, 85974.65, 74);
insert into cars (id, make, model, year, price, quantity) values (24, 'Oldsmobile', 'Bravada', 1999, 47084.86, 45);
insert into cars (id, make, model, year, price, quantity) values (25, 'Chevrolet', 'K5 Blazer', 1995, 59362.37, 13);
insert into cars (id, make, model, year, price, quantity) values (26, 'Kia', 'Spectra', 2002, 85935.79, 7);
insert into cars (id, make, model, year, price, quantity) values (27, 'Buick', 'Roadmaster', 1991, 47527.24, 62);
insert into cars (id, make, model, year, price, quantity) values (28, 'Mitsubishi', 'Chariot', 1989, 87629.41, 79);
insert into cars (id, make, model, year, price, quantity) values (29, 'Lexus', 'ES', 2000, 68344.86, 66);
insert into cars (id, make, model, year, price, quantity) values (30, 'Cadillac', 'Seville', 1993, 92330.11, 37);
insert into cars (id, make, model, year, price, quantity) values (31, 'Eagle', 'Summit', 1996, 80073.21, 59);
insert into cars (id, make, model, year, price, quantity) values (32, 'Toyota', 'Sequoia', 2004, 34922.14, 79);
insert into cars (id, make, model, year, price, quantity) values (33, 'Isuzu', 'Trooper', 1993, 33697.4, 14);
insert into cars (id, make, model, year, price, quantity) values (34, 'Nissan', 'Sentra', 2002, 62946.0, 51);
insert into cars (id, make, model, year, price, quantity) values (35, 'Mercedes-Benz', 'G-Class', 2005, 37651.91, 68);
insert into cars (id, make, model, year, price, quantity) values (36, 'Mercedes-Benz', 'E-Class', 1996, 32634.03, 65);
insert into cars (id, make, model, year, price, quantity) values (37, 'Buick', 'Century', 2002, 71786.24, 38);
insert into cars (id, make, model, year, price, quantity) values (38, 'Audi', '90', 1994, 81314.59, 58);
insert into cars (id, make, model, year, price, quantity) values (39, 'Buick', 'Coachbuilder', 1995, 67813.42, 5);
insert into cars (id, make, model, year, price, quantity) values (40, 'Ford', 'Explorer', 1996, 60226.7, 19);
insert into cars (id, make, model, year, price, quantity) values (41, 'Volkswagen', 'Corrado', 1992, 75484.02, 89);
insert into cars (id, make, model, year, price, quantity) values (42, 'Volkswagen', 'Eurovan', 1992, 59542.55, 32);
insert into cars (id, make, model, year, price, quantity) values (43, 'Volkswagen', 'Jetta', 1992, 65009.42, 89);
insert into cars (id, make, model, year, price, quantity) values (44, 'Pontiac', 'LeMans', 1993, 94662.56, 36);
insert into cars (id, make, model, year, price, quantity) values (45, 'Toyota', 'Sienna', 1999, 80007.55, 20);
insert into cars (id, make, model, year, price, quantity) values (46, 'Subaru', 'Baja', 2006, 95300.98, 87);
insert into cars (id, make, model, year, price, quantity) values (47, 'Honda', 'Element', 2009, 46670.31, 51);
insert into cars (id, make, model, year, price, quantity) values (48, 'Audi', 'A8', 2012, 94117.46, 86);
insert into cars (id, make, model, year, price, quantity) values (49, 'Mercury', 'Tracer', 1999, 77051.17, 58);
insert into cars (id, make, model, year, price, quantity) values (50, 'Audi', 'A3', 2006, 45873.12, 20);
insert into cars (id, make, model, year, price, quantity) values (51, 'Ford', 'Taurus', 2000, 70469.62, 17);
insert into cars (id, make, model, year, price, quantity) values (52, 'Lexus', 'ES', 1991, 62604.25, 90);
insert into cars (id, make, model, year, price, quantity) values (53, 'Acura', 'RL', 2007, 33555.26, 26);
insert into cars (id, make, model, year, price, quantity) values (54, 'Lotus', 'Esprit', 1987, 93425.07, 52);
insert into cars (id, make, model, year, price, quantity) values (55, 'Mitsubishi', 'RVR', 1995, 30539.44, 54);
insert into cars (id, make, model, year, price, quantity) values (56, 'GMC', 'Savana 2500', 1998, 76958.44, 27);
insert into cars (id, make, model, year, price, quantity) values (57, 'Chevrolet', 'Express 3500', 2006, 58338.25, 86);
insert into cars (id, make, model, year, price, quantity) values (58, 'Volkswagen', 'Quantum', 1984, 68741.02, 10);
insert into cars (id, make, model, year, price, quantity) values (59, 'Plymouth', 'Voyager', 1993, 39761.21, 68);
insert into cars (id, make, model, year, price, quantity) values (60, 'Honda', 'S2000', 2001, 31563.89, 69);
insert into cars (id, make, model, year, price, quantity) values (61, 'Oldsmobile', 'Silhouette', 2000, 37265.02, 78);
insert into cars (id, make, model, year, price, quantity) values (62, 'Ford', 'Taurus', 1991, 97386.73, 53);
insert into cars (id, make, model, year, price, quantity) values (63, 'Porsche', '968', 1992, 71882.87, 21);
insert into cars (id, make, model, year, price, quantity) values (64, 'GMC', 'Savana 3500', 2004, 69886.55, 15);
insert into cars (id, make, model, year, price, quantity) values (65, 'Chevrolet', 'Express 1500', 1996, 36801.59, 52);
insert into cars (id, make, model, year, price, quantity) values (66, 'Honda', 'Accord', 1999, 44386.21, 33);
insert into cars (id, make, model, year, price, quantity) values (67, 'Dodge', 'Dakota Club', 2004, 90827.21, 21);
insert into cars (id, make, model, year, price, quantity) values (68, 'Ford', 'F-Series Super Duty', 2009, 77051.83, 35);
insert into cars (id, make, model, year, price, quantity) values (69, 'Mazda', 'Mazda3', 2008, 61200.37, 26);
insert into cars (id, make, model, year, price, quantity) values (70, 'Ford', 'Mustang', 1966, 88659.21, 98);
insert into cars (id, make, model, year, price, quantity) values (71, 'Chevrolet', 'Astro', 1999, 34489.3, 15);
insert into cars (id, make, model, year, price, quantity) values (72, 'Subaru', 'Impreza', 2011, 99388.32, 96);
insert into cars (id, make, model, year, price, quantity) values (73, 'Dodge', 'Stratus', 1998, 63695.09, 48);
insert into cars (id, make, model, year, price, quantity) values (74, 'Ford', 'Edge', 2008, 40703.64, 89);
insert into cars (id, make, model, year, price, quantity) values (75, 'Chevrolet', 'Equinox', 2006, 53494.28, 79);
insert into cars (id, make, model, year, price, quantity) values (76, 'Cadillac', 'Catera', 1999, 51328.75, 44);
insert into cars (id, make, model, year, price, quantity) values (77, 'BMW', 'Z4 M', 2006, 75815.51, 89);
insert into cars (id, make, model, year, price, quantity) values (78, 'Chevrolet', 'S10', 1998, 71686.69, 71);
insert into cars (id, make, model, year, price, quantity) values (79, 'Oldsmobile', 'Silhouette', 2003, 66658.78, 48);
insert into cars (id, make, model, year, price, quantity) values (80, 'Mercury', 'Mountaineer', 1998, 93847.65, 97);
insert into cars (id, make, model, year, price, quantity) values (81, 'Chevrolet', 'Express 1500', 2002, 65303.65, 50);
insert into cars (id, make, model, year, price, quantity) values (82, 'Toyota', 'Highlander', 2005, 35741.08, 62);
insert into cars (id, make, model, year, price, quantity) values (83, 'Maserati', 'Quattroporte', 2010, 82703.4, 20);
insert into cars (id, make, model, year, price, quantity) values (84, 'Lotus', 'Exige', 2010, 43845.37, 71);
insert into cars (id, make, model, year, price, quantity) values (85, 'Dodge', 'D350', 1992, 68751.31, 87);
insert into cars (id, make, model, year, price, quantity) values (86, 'BMW', 'X5', 2008, 65077.92, 42);
insert into cars (id, make, model, year, price, quantity) values (87, 'Volkswagen', 'Jetta', 1991, 61656.03, 87);
insert into cars (id, make, model, year, price, quantity) values (88, 'Toyota', 'Celica', 1997, 32866.51, 28);
insert into cars (id, make, model, year, price, quantity) values (89, 'Honda', 'Accord', 1999, 74976.58, 96);
insert into cars (id, make, model, year, price, quantity) values (90, 'Mazda', 'B-Series Plus', 1996, 83641.97, 91);
insert into cars (id, make, model, year, price, quantity) values (91, 'Chevrolet', 'Malibu', 2011, 98147.62, 55);
insert into cars (id, make, model, year, price, quantity) values (92, 'Dodge', 'Ram Van 2500', 1997, 50216.38, 33);
insert into cars (id, make, model, year, price, quantity) values (93, 'Dodge', 'Charger', 2009, 60838.16, 60);
insert into cars (id, make, model, year, price, quantity) values (94, 'Lexus', 'IS', 2006, 56052.42, 35);
insert into cars (id, make, model, year, price, quantity) values (95, 'Buick', 'Century', 2005, 68951.95, 93);
insert into cars (id, make, model, year, price, quantity) values (96, 'BMW', 'M3', 2010, 83844.73, 15);
insert into cars (id, make, model, year, price, quantity) values (97, 'Audi', 'A4', 2000, 46631.1, 13);
insert into cars (id, make, model, year, price, quantity) values (98, 'Audi', 'S8', 2009, 92693.27, 12);
insert into cars (id, make, model, year, price, quantity) values (99, 'Mercury', 'Topaz', 1987, 32797.45, 1);
insert into cars (id, make, model, year, price, quantity) values (100, 'Chevrolet', 'S10', 1996, 40499.57, 50);

insert into customers (id, first_name, last_name, address, phone) values (1, 'Jacenta', 'Parken', '864 Muir Terrace', '6658677260');
insert into customers (id, first_name, last_name, address, phone) values (2, 'Quinn', 'Tallis', '80368 Melby Street', '5338182687');
insert into customers (id, first_name, last_name, address, phone) values (3, 'Dyna', 'Yakov', '39346 Division Parkway', '6625838870');
insert into customers (id, first_name, last_name, address, phone) values (4, 'Donella', 'Dunnaway', '40858 Calypso Parkway', '4229248762');
insert into customers (id, first_name, last_name, address, phone) values (5, 'Katharyn', 'Eliot', '1 Ludington Crossing', '6391879649');
insert into customers (id, first_name, last_name, address, phone) values (6, 'Felipa', 'Bryce', '9118 Kropf Hill', '2088666855');
insert into customers (id, first_name, last_name, address, phone) values (7, 'Ketti', 'Cushworth', '951 Bunker Hill Way', '2449935667');
insert into customers (id, first_name, last_name, address, phone) values (8, 'Ariel', 'Sommerly', '7 American Circle', '7854901477');
insert into customers (id, first_name, last_name, address, phone) values (9, 'Jacquie', 'Delhay', '75765 Havey Junction', '7717053383');
insert into customers (id, first_name, last_name, address, phone) values (10, 'Dionysus', 'Erdely', '4 Monterey Center', '8663766227');
insert into customers (id, first_name, last_name, address, phone) values (11, 'Basile', 'Connett', '6 Sauthoff Center', '3756061012');
insert into customers (id, first_name, last_name, address, phone) values (12, 'Corrianne', 'Quenell', '30 Everett Road', '3928283186');
insert into customers (id, first_name, last_name, address, phone) values (13, 'Eustacia', 'Cammoile', '0 Aberg Trail', '4826131349');
insert into customers (id, first_name, last_name, address, phone) values (14, 'Shana', 'Newport', '599 Twin Pines Place', '7499140777');
insert into customers (id, first_name, last_name, address, phone) values (15, 'Hilarius', 'Smellie', '435 Barnett Street', '2572720424');
insert into customers (id, first_name, last_name, address, phone) values (16, 'Chiquita', 'Bushell', '1 Trailsway Pass', '2662708038');
insert into customers (id, first_name, last_name, address, phone) values (17, 'Harold', 'Shovelbottom', '129 Clemons Junction', '8456930648');
insert into customers (id, first_name, last_name, address, phone) values (18, 'Renaldo', 'Awin', '2659 Bultman Avenue', '9872931001');
insert into customers (id, first_name, last_name, address, phone) values (19, 'Kessiah', 'Arman', '1401 Westerfield Circle', '4908669644');
insert into customers (id, first_name, last_name, address, phone) values (20, 'Jojo', 'Havesides', '8170 Gina Trail', '1873460908');
insert into customers (id, first_name, last_name, address, phone) values (21, 'Raff', 'Faint', '4312 Summerview Park', '7318335988');
insert into customers (id, first_name, last_name, address, phone) values (22, 'Page', 'Crossley', '3 Pankratz Junction', '7413347439');
insert into customers (id, first_name, last_name, address, phone) values (23, 'Tami', 'Treadgear', '904 Continental Court', '2766582991');
insert into customers (id, first_name, last_name, address, phone) values (24, 'Dudley', 'Pevie', '130 Barnett Avenue', '4424716055');
insert into customers (id, first_name, last_name, address, phone) values (25, 'Ashlee', 'Antcliffe', '64 Fallview Court', '1679810966');
insert into customers (id, first_name, last_name, address, phone) values (26, 'Walsh', 'Bohlin', '2543 Trailsway Drive', '3158832512');
insert into customers (id, first_name, last_name, address, phone) values (27, 'Nisse', 'Tinklin', '52 Warbler Terrace', '4158615293');
insert into customers (id, first_name, last_name, address, phone) values (28, 'Padget', 'Spiby', '971 Old Gate Hill', '8857204836');
insert into customers (id, first_name, last_name, address, phone) values (29, 'Damara', 'Cuffley', '4 Sauthoff Trail', '4669443233');
insert into customers (id, first_name, last_name, address, phone) values (30, 'Rodolphe', 'Tyne', '37515 Pankratz Crossing', '5235541253');
insert into customers (id, first_name, last_name, address, phone) values (31, 'Palmer', 'Hallworth', '9 Katie Circle', '8826574530');
insert into customers (id, first_name, last_name, address, phone) values (32, 'Gustav', 'Hardy-Piggin', '01119 Golf View Terrace', '1897742878');
insert into customers (id, first_name, last_name, address, phone) values (33, 'Clarence', 'Victory', '000 East Parkway', '4335787357');
insert into customers (id, first_name, last_name, address, phone) values (34, 'Gwenora', 'Kubacek', '6 Stone Corner Drive', '3444967647');
insert into customers (id, first_name, last_name, address, phone) values (35, 'Giacobo', 'Reisin', '07 Twin Pines Crossing', '9715346174');
insert into customers (id, first_name, last_name, address, phone) values (36, 'Bridie', 'Lancley', '7 Aberg Center', '2154981127');
insert into customers (id, first_name, last_name, address, phone) values (37, 'Jule', 'Lidington', '4225 Basil Lane', '3315382955');
insert into customers (id, first_name, last_name, address, phone) values (38, 'Katti', 'Bourdon', '6892 Redwing Pass', '4533233533');
insert into customers (id, first_name, last_name, address, phone) values (39, 'Abigail', 'Purchall', '55 Farmco Parkway', '7902884092');
insert into customers (id, first_name, last_name, address, phone) values (40, 'Beth', 'Greiser', '102 Westend Terrace', '1384008340');
insert into customers (id, first_name, last_name, address, phone) values (41, 'Rudolf', 'Magnar', '491 Schurz Avenue', '3126038148');
insert into customers (id, first_name, last_name, address, phone) values (42, 'Klaus', 'Brickdale', '467 Memorial Parkway', '1278777034');
insert into customers (id, first_name, last_name, address, phone) values (43, 'Anet', 'Francescotti', '4 Heffernan Point', '9722882307');
insert into customers (id, first_name, last_name, address, phone) values (44, 'Windy', 'McTear', '487 Maple Avenue', '4796532690');
insert into customers (id, first_name, last_name, address, phone) values (45, 'Lianna', 'Ector', '3 Kim Lane', '1642622712');
insert into customers (id, first_name, last_name, address, phone) values (46, 'Stavros', 'Lorant', '2702 Express Trail', '1022003821');
insert into customers (id, first_name, last_name, address, phone) values (47, 'Tulley', 'Ossenna', '7 Eggendart Trail', '3911737472');
insert into customers (id, first_name, last_name, address, phone) values (48, 'Leland', 'Adamkiewicz', '35641 Stoughton Drive', '8754845539');
insert into customers (id, first_name, last_name, address, phone) values (49, 'Andras', 'McCreedy', '19 Rockefeller Pass', '9161357851');
insert into customers (id, first_name, last_name, address, phone) values (50, 'Brok', 'Dahle', '23 Merry Court', '3627871142');
insert into customers (id, first_name, last_name, address, phone) values (51, 'Claudelle', 'Adamovsky', '7208 Thompson Center', '8137794048');
insert into customers (id, first_name, last_name, address, phone) values (52, 'Brynn', 'Skuce', '62931 Talmadge Way', '3319598595');
insert into customers (id, first_name, last_name, address, phone) values (53, 'Marena', 'Airton', '82710 Pepper Wood Lane', '7016287255');
insert into customers (id, first_name, last_name, address, phone) values (54, 'Berton', 'Southcombe', '73 Burning Wood Point', '2039313528');
insert into customers (id, first_name, last_name, address, phone) values (55, 'Charin', 'Dodsley', '5 Tony Alley', '3596271583');
insert into customers (id, first_name, last_name, address, phone) values (56, 'Gran', 'Vannet', '5275 Butterfield Way', '4701351278');
insert into customers (id, first_name, last_name, address, phone) values (57, 'Florina', 'Millward', '5723 Hooker Court', '9729158267');
insert into customers (id, first_name, last_name, address, phone) values (58, 'Celina', 'Puttan', '24 Mendota Point', '9077005008');
insert into customers (id, first_name, last_name, address, phone) values (59, 'Hallie', 'Danet', '482 Ruskin Terrace', '1076107654');
insert into customers (id, first_name, last_name, address, phone) values (60, 'Doloritas', 'Fotheringham', '2294 Corscot Pass', '2382585493');
insert into customers (id, first_name, last_name, address, phone) values (61, 'Angelo', 'Older', '40440 Fuller Street', '1175959505');
insert into customers (id, first_name, last_name, address, phone) values (62, 'Korie', 'Milmoe', '537 North Crossing', '1643442137');
insert into customers (id, first_name, last_name, address, phone) values (63, 'Tiertza', 'Dumbelton', '13 Burning Wood Plaza', '6922085593');
insert into customers (id, first_name, last_name, address, phone) values (64, 'Gisele', 'Debrick', '0310 Carey Plaza', '6935457095');
insert into customers (id, first_name, last_name, address, phone) values (65, 'Adina', 'Lucius', '9666 Melvin Terrace', '8956057622');
insert into customers (id, first_name, last_name, address, phone) values (66, 'Gawain', 'Orlton', '472 Twin Pines Plaza', '1395262058');
insert into customers (id, first_name, last_name, address, phone) values (67, 'Corey', 'Toynbee', '377 Chive Trail', '5597049825');
insert into customers (id, first_name, last_name, address, phone) values (68, 'Kimberlee', 'Tapscott', '5999 Fieldstone Pass', '2344236393');
insert into customers (id, first_name, last_name, address, phone) values (69, 'Tomasine', 'Croker', '906 Chive Park', '2444367395');
insert into customers (id, first_name, last_name, address, phone) values (70, 'Leola', 'Hellwig', '322 Magdeline Junction', '5754949324');
insert into customers (id, first_name, last_name, address, phone) values (71, 'Kip', 'Collihole', '5 Florence Street', '7279157312');
insert into customers (id, first_name, last_name, address, phone) values (72, 'Carlyn', 'Sapseed', '209 Reinke Avenue', '2261978276');
insert into customers (id, first_name, last_name, address, phone) values (73, 'Belle', 'Martinetto', '7998 North Street', '7989582628');
insert into customers (id, first_name, last_name, address, phone) values (74, 'Kipp', 'Gusticke', '80 Crownhardt Trail', '9795405585');
insert into customers (id, first_name, last_name, address, phone) values (75, 'Llywellyn', 'Pagnin', '43 Blue Bill Park Point', '4146884457');
insert into customers (id, first_name, last_name, address, phone) values (76, 'Lynne', 'Fison', '670 Cottonwood Street', '6317217036');
insert into customers (id, first_name, last_name, address, phone) values (77, 'Archibald', 'Pallister', '57 Grasskamp Terrace', '2767382714');
insert into customers (id, first_name, last_name, address, phone) values (78, 'Scot', 'Prettjohn', '044 Carpenter Crossing', '7942395964');
insert into customers (id, first_name, last_name, address, phone) values (79, 'Eyde', 'Wannes', '909 Warbler Circle', '3149812079');
insert into customers (id, first_name, last_name, address, phone) values (80, 'Elmo', 'Richfield', '50160 Schlimgen Parkway', '6818005825');
insert into customers (id, first_name, last_name, address, phone) values (81, 'Diego', 'Cammacke', '592 Marquette Lane', '2971419594');
insert into customers (id, first_name, last_name, address, phone) values (82, 'Paige', 'Capitano', '77607 Spohn Way', '7763371823');
insert into customers (id, first_name, last_name, address, phone) values (83, 'Kermit', 'Cartman', '1944 Wayridge Crossing', '1482524275');
insert into customers (id, first_name, last_name, address, phone) values (84, 'Stevana', 'Clelland', '85 Quincy Crossing', '2352298503');
insert into customers (id, first_name, last_name, address, phone) values (85, 'Rodger', 'Wherrett', '02 Basil Plaza', '7861574474');
insert into customers (id, first_name, last_name, address, phone) values (86, 'Veronike', 'Yarrall', '1 Elka Pass', '7987523733');
insert into customers (id, first_name, last_name, address, phone) values (87, 'Nerita', 'Light', '751 Reindahl Street', '7135426125');
insert into customers (id, first_name, last_name, address, phone) values (88, 'Devondra', 'Beals', '328 Del Sol Point', '1482536229');
insert into customers (id, first_name, last_name, address, phone) values (89, 'Boris', 'Laroze', '5875 Monterey Drive', '3788620341');
insert into customers (id, first_name, last_name, address, phone) values (90, 'Gale', 'Guiduzzi', '30969 Eastwood Point', '5369295529');
insert into customers (id, first_name, last_name, address, phone) values (91, 'Charil', 'Whitear', '79 North Alley', '4789398415');
insert into customers (id, first_name, last_name, address, phone) values (92, 'Zaccaria', 'Fowgies', '2734 Goodland Junction', '3017180546');
insert into customers (id, first_name, last_name, address, phone) values (93, 'Alick', 'Dursley', '7 Doe Crossing Circle', '8031959551');
insert into customers (id, first_name, last_name, address, phone) values (94, 'Vivyan', 'Gawthorpe', '8716 Armistice Alley', '8629506425');
insert into customers (id, first_name, last_name, address, phone) values (95, 'Zonda', 'Oldford', '51282 Parkside Plaza', '8827453914');
insert into customers (id, first_name, last_name, address, phone) values (96, 'Arvin', 'McDavitt', '39286 Derek Lane', '5825532421');
insert into customers (id, first_name, last_name, address, phone) values (97, 'Beatrisa', 'De Bernardis', '3 Fairview Point', '8508446173');
insert into customers (id, first_name, last_name, address, phone) values (98, 'Vinnie', 'McLagain', '5 Chinook Park', '4947023347');
insert into customers (id, first_name, last_name, address, phone) values (99, 'Christoffer', 'Lindeman', '3170 Comanche Trail', '5851748335');
insert into customers (id, first_name, last_name, address, phone) values (100, 'Rayshell', 'Perkins', '09118 Hallows Lane', '9294441996');

insert into sales (id, customer_id, car_id, price) values (1, 63, 80, 55485.48);
insert into sales (id, customer_id, car_id, price) values (2, 5, 95, 61967.3);
insert into sales (id, customer_id, car_id, price) values (3, 84, 31, 86927.45);
insert into sales (id, customer_id, car_id, price) values (4, 51, 51, 58583.56);
insert into sales (id, customer_id, car_id, price) values (5, 92, 1, 38610.53);
insert into sales (id, customer_id, car_id, price) values (6, 65, 37, 98917.99);
insert into sales (id, customer_id, car_id, price) values (7, 42, 55, 72739.94);
insert into sales (id, customer_id, car_id, price) values (8, 46, 68, 61841.49);
insert into sales (id, customer_id, car_id, price) values (9, 44, 43, 57244.73);
insert into sales (id, customer_id, car_id, price) values (10, 86, 8, 40186.11);
insert into sales (id, customer_id, car_id, price) values (11, 18, 49, 72065.91);
insert into sales (id, customer_id, car_id, price) values (12, 30, 7, 61668.84);
insert into sales (id, customer_id, car_id, price) values (13, 1, 35, 50133.32);
insert into sales (id, customer_id, car_id, price) values (14, 7, 86, 92929.63);
insert into sales (id, customer_id, car_id, price) values (15, 47, 14, 94132.02);
insert into sales (id, customer_id, car_id, price) values (16, 29, 31, 82408.94);
insert into sales (id, customer_id, car_id, price) values (17, 9, 73, 53835.26);
insert into sales (id, customer_id, car_id, price) values (18, 52, 63, 37830.06);
insert into sales (id, customer_id, car_id, price) values (19, 91, 3, 70513.51);
insert into sales (id, customer_id, car_id, price) values (20, 72, 4, 60680.06);
insert into sales (id, customer_id, car_id, price) values (21, 42, 49, 72805.09);
insert into sales (id, customer_id, car_id, price) values (22, 40, 58, 34846.55);
insert into sales (id, customer_id, car_id, price) values (23, 34, 91, 66515.15);
insert into sales (id, customer_id, car_id, price) values (24, 24, 56, 67658.71);
insert into sales (id, customer_id, car_id, price) values (25, 9, 96, 64293.2);
insert into sales (id, customer_id, car_id, price) values (26, 52, 41, 91689.83);
insert into sales (id, customer_id, car_id, price) values (27, 46, 57, 71290.6);
insert into sales (id, customer_id, car_id, price) values (28, 25, 50, 90389.34);
insert into sales (id, customer_id, car_id, price) values (29, 46, 97, 46473.7);
insert into sales (id, customer_id, car_id, price) values (30, 73, 29, 65079.11);
insert into sales (id, customer_id, car_id, price) values (31, 92, 93, 61483.93);
insert into sales (id, customer_id, car_id, price) values (32, 25, 88, 31450.03);
insert into sales (id, customer_id, car_id, price) values (33, 24, 76, 87868.49);
insert into sales (id, customer_id, car_id, price) values (34, 58, 97, 63047.54);
insert into sales (id, customer_id, car_id, price) values (35, 60, 84, 66807.38);
insert into sales (id, customer_id, car_id, price) values (36, 53, 54, 90547.68);
insert into sales (id, customer_id, car_id, price) values (37, 82, 82, 52010.78);
insert into sales (id, customer_id, car_id, price) values (38, 14, 31, 72397.8);
insert into sales (id, customer_id, car_id, price) values (39, 78, 58, 32673.87);
insert into sales (id, customer_id, car_id, price) values (40, 65, 73, 63416.28);
insert into sales (id, customer_id, car_id, price) values (41, 87, 99, 85630.53);
insert into sales (id, customer_id, car_id, price) values (42, 73, 75, 93661.0);
insert into sales (id, customer_id, car_id, price) values (43, 78, 92, 44574.53);
insert into sales (id, customer_id, car_id, price) values (44, 98, 43, 87754.58);
insert into sales (id, customer_id, car_id, price) values (45, 61, 86, 99009.34);
insert into sales (id, customer_id, car_id, price) values (46, 42, 2, 81044.24);
insert into sales (id, customer_id, car_id, price) values (47, 21, 84, 44083.85);
insert into sales (id, customer_id, car_id, price) values (48, 43, 63, 75584.28);
insert into sales (id, customer_id, car_id, price) values (49, 71, 30, 99526.58);
insert into sales (id, customer_id, car_id, price) values (50, 61, 61, 35242.86);
insert into sales (id, customer_id, car_id, price) values (51, 34, 66, 95591.65);
insert into sales (id, customer_id, car_id, price) values (52, 32, 4, 33814.4);
insert into sales (id, customer_id, car_id, price) values (53, 24, 4, 30995.19);
insert into sales (id, customer_id, car_id, price) values (54, 99, 88, 84112.6);
insert into sales (id, customer_id, car_id, price) values (55, 30, 82, 33307.99);
insert into sales (id, customer_id, car_id, price) values (56, 77, 51, 32854.23);
insert into sales (id, customer_id, car_id, price) values (57, 6, 88, 68476.25);
insert into sales (id, customer_id, car_id, price) values (58, 65, 60, 46732.49);
insert into sales (id, customer_id, car_id, price) values (59, 27, 25, 88700.24);
insert into sales (id, customer_id, car_id, price) values (60, 57, 1, 81479.49);
insert into sales (id, customer_id, car_id, price) values (61, 37, 8, 50758.8);
insert into sales (id, customer_id, car_id, price) values (62, 78, 42, 93938.39);
insert into sales (id, customer_id, car_id, price) values (63, 43, 36, 84665.54);
insert into sales (id, customer_id, car_id, price) values (64, 70, 48, 73385.31);
insert into sales (id, customer_id, car_id, price) values (65, 34, 86, 70660.84);
insert into sales (id, customer_id, car_id, price) values (66, 80, 61, 39992.79);
insert into sales (id, customer_id, car_id, price) values (67, 96, 10, 60802.35);
insert into sales (id, customer_id, car_id, price) values (68, 28, 98, 94931.99);
insert into sales (id, customer_id, car_id, price) values (69, 30, 94, 87358.2);
insert into sales (id, customer_id, car_id, price) values (70, 85, 91, 92104.92);
insert into sales (id, customer_id, car_id, price) values (71, 33, 55, 42771.06);
insert into sales (id, customer_id, car_id, price) values (72, 52, 53, 78523.98);
insert into sales (id, customer_id, car_id, price) values (73, 94, 79, 51699.81);
insert into sales (id, customer_id, car_id, price) values (74, 67, 9, 98573.38);
insert into sales (id, customer_id, car_id, price) values (75, 94, 51, 45837.9);
insert into sales (id, customer_id, car_id, price) values (76, 39, 1, 63658.3);
insert into sales (id, customer_id, car_id, price) values (77, 100, 49, 69442.15);
insert into sales (id, customer_id, car_id, price) values (78, 34, 8, 74300.09);
insert into sales (id, customer_id, car_id, price) values (79, 46, 37, 51527.43);
insert into sales (id, customer_id, car_id, price) values (80, 6, 67, 40061.13);
insert into sales (id, customer_id, car_id, price) values (81, 68, 70, 31483.8);
insert into sales (id, customer_id, car_id, price) values (82, 88, 85, 48826.7);
insert into sales (id, customer_id, car_id, price) values (83, 28, 54, 40784.81);
insert into sales (id, customer_id, car_id, price) values (84, 79, 38, 47602.19);
insert into sales (id, customer_id, car_id, price) values (85, 41, 3, 93490.03);
insert into sales (id, customer_id, car_id, price) values (86, 93, 90, 30046.64);
insert into sales (id, customer_id, car_id, price) values (87, 46, 12, 47002.84);
insert into sales (id, customer_id, car_id, price) values (88, 35, 43, 71747.69);
insert into sales (id, customer_id, car_id, price) values (89, 70, 67, 69040.87);
insert into sales (id, customer_id, car_id, price) values (90, 5, 21, 95498.52);
insert into sales (id, customer_id, car_id, price) values (91, 55, 33, 75640.68);
insert into sales (id, customer_id, car_id, price) values (92, 58, 83, 52887.62);
insert into sales (id, customer_id, car_id, price) values (93, 61, 100, 49095.0);
insert into sales (id, customer_id, car_id, price) values (94, 87, 31, 63570.7);
insert into sales (id, customer_id, car_id, price) values (95, 23, 33, 44653.78);
insert into sales (id, customer_id, car_id, price) values (96, 41, 57, 52970.29);
insert into sales (id, customer_id, car_id, price) values (97, 1, 67, 68487.67);
insert into sales (id, customer_id, car_id, price) values (98, 18, 37, 47977.03);
insert into sales (id, customer_id, car_id, price) values (99, 66, 69, 97129.12);
insert into sales (id, customer_id, car_id, price) values (100, 86, 3, 69586.62);

